0,Palabras del Presidente Juan Manuel Santos en el lanzamiento del Servicio de Empleo 
1,Palabras del Presidente Juan Manuel Santos al término del Consejo de Seguridad en Santa Marta 
2,"Palabras del Presidente Juan Manuel Santos en el acto de condecoración al Nuncio Apostólico, Monseñor Aldo Cavalli"
3,Palabras del Presidente Juan Manuel Santos al término de la Revisión de Estrategias de Seguridad en Bogotá 
4,Palabras del Presidente Juan Manuel Santos luego de recibir los resultados de seguridad en Medellín 
5,Palabras del Presidente Juan Manuel Santos en la presentación del Mecanismo de Denuncias de Alto Nivel
6,"Palabras del Presidente Juan Manuel Santos en el Acuerdo para la Prosperidad número 102, en la Casa de Nariño"
7,Palabras del Presidente Juan Manuel Santos en el relevo número 100 del Batallón Colombia
8,"Declaración del Presidente Juan Manuel Santos en la reunión operacional en el Fuerte Militar de Larandia, Caquetá "
9,Palabras del Presidente Juan Manuel Santos en la firma del Compromiso de Gestión por una Educación de Calidad en Soacha
10,"Palabras del Presidente Juan Manuel Santos a las tropas en La Macarena, Meta "
11,Palabras del Presidente Juan Manuel Santos en el lanzamiento del Servicio de Empleo 
12,Palabras del Presidente Juan Manuel Santos en la incorporación de 1.000 efectivos de la Policía Metropolitana de Cali 
13,"Palabras del Presidente Juan Manuel Santos durante la inauguración del Megacolegio ‘Reina Isabel II de Inglaterra’ en Florencia, Caqueta"
14,Mensaje del Presidente de la República Juan Manuel Santos con motivo de la clausura del XV Congreso Nacional de Andesco
15,Palabras del Presidente Juan Manuel Santos durante la ceremonia de ascensos del Ejército en la Escuela Militar de Cadetes ‘José María Córdova’ 
16,"Alocución del Presidente de la República, Juan Manuel Santos, de Saludo de Año Nuevo"
17,Palabras del Presidente Juan Manuel Santos al intervenir en la II Conferencia Nacional del Partido Verde
18,"Declaración del Presidente Juan Manuel Santos luego de reunirse con su homólogo de Nicaragua, Daniel Ortega"
19,"Declaración del jefe del equipo negociador del Gobierno Nacional, Humberto de la Calle, antes de viajar a La Habana"
20,Palabras del Presidente Juan Manuel Santos en el homenaje a los 100 colombianos más destacados en el exterior
21,Palabras del Presidente Juan Manuel Santos en la inauguración de Expoartesanías 2012
22,Palabras del Presidente Juan Manuel Santos en la entrega de los Premios ‘Los Mejores en Educación 2012’ 
23,Palabras del Presidente Juan Manuel Santos en la entrega del Premio Nacional de Alta Gerencia y la proclamación de los ganadores del Reto por la Eficiencia 
24,Palabras del Presidente Juan Manuel Santos en la entrega de los Premios Portafolio 2012 
25,Declaración del Presidente Juan Manuel Santos luego de su visita a la isla de Providencia con el Gabinete
26,Palabras del Presidente Juan Manuel Santos durante la ceremonia de ascensos del Ejército Nacional
27,Palabras del Presidente Juan Manuel Santos durante la ceremonia de ascensos de generales de la Policía Nacional 
28,Palabras del Presidente Juan Manuel Santos en la ceremonia de ascensos de oficiales de las Fuerza Aérea Colombiana
29,Palabras del Presidente Juan Manuel Santos en la ceremonia de ascensos de oficiales de la Armada Nacional
30,Palabras del Presidente Juan Manuel Santos en el Foro realizado en el Congreso de la República con motivo del Día Internacional de Lucha contra la Corrupción 
31,"Declaración del Presidente Juan Manuel Santos al concluir reunión con la Directora Gerente del Fondo Monetario Internacional (FMI), Christine Lagarde"
32,Palabras del Presidente Juan Manuel Santos al culminar el Encuentro Presidencial y la I Reunión del Gabinete Binacional Colombia – Ecuador 
33,Palabras del Presidente Juan Manuel Santos en la celebración de los 100 años de la aviación en Colombia 
34,Palabras del Presidente Juan Manuel Santos en el Diálogo Social en el Putumayo
35,Declaración del Presidente Juan Manuel Santos al comenzar la Primera Reunión del Gabinete Binacional Colombia-Ecuador
36,"Palabras del Presidente Juan Manuel Santos al recibir las llaves de la ciudad de Tulcán, Ecuador "
37,Alocución del Presidente Juan Manuel Santos sobre el trámite final del proyecto de Reforma Tributaria 
38,Palabras del Presidente Juan Manuel Santos en la Conferencia Nacional de Derechos Humanos y Derecho Internacional Humanitario 
39,Palabras del Presidente Juan Manuel Santos al recibir a la Selección Colombia de Fútbol Sala 
40,Palabras del Presidente Juan Manuel Santos en el Acuerdo para la Prosperidad número 92 en Soacha
41,Palabras del Presidente Juan Manuel Santos en la premiación de 'Supérate con el Deporte'
42,Palabras del Presidente Santos luego de reunirse con emprendedores apoyados por iNNpulsa
43,"Palabras del Presidente Juan Manuel Santos durante el homenaje de La W Radio a los soldados, policías e infantes de marina heridos en combate"
44,Palabras del Presidente Juan Manuel Santos en la rendición de cuentas de Colombia Humanitaria 
45,"Palabras del Presidente Juan Manuel Santos durante el evento de restitución de tierras en el corregimiento de Mampuján, Bolívar "
46,Palabras del Presidente Juan Manuel Santos en la entrega de personal y vehículos para la Policía en el Chocó
47,Palabras del Presidente Juan Manuel Santos en la entrega de viviendas de interés social rural en Mompox 
48,Palabras del Presidente Juan Manuel Santos al participar en el evento ‘Vuelta a Colombia – Vive Digital en Quibdó’
49,Palabras del Presidente Juan Manuel Santos al concluir su visita al Fuerte Militar de Tolemaida 
50,Palabras del Presidente Juan Manuel Santos en la activación de la Policía Metropolitana de Popayán
51,Palabras del Presidente Juan Manuel Santos durante la colación de la primera piedra de la Urbanización ‘Villa del Ortigal’ y certificación de la Empresa de Acueducto y Alcantarillado de Popayán
52,Palabras del Presidente Juan Manuel Santos en su saludo de Navidad a las Fuerzas Armadas 
53,"Alocución del Presidente de la República, Juan Manuel Santos, de Saludo de Navidad "
54,Palabras del Presidente Juan Manuel Santos durante la entrega de subsidios del programa ‘Colombia Mayor’ en Soacha
55,Palabras del Presidente Juan Manuel Santos durante la inauguración del Punto ‘Vive Digital’ y revisión de compromisos en San Andrés
56,Palabras del Presidente Juan Manuel Santos durante la promulgación de la Reforma Tributaria
57,Declaración del Presidente Juan Manuel Santos al término de la ocadtón del departamento de Córdoba 
58,Palabras del Presidente Juan Manuel Santos durante la posesión del Ministro de Agricultura y la conmemoración del Día del Campesino 
59,"Palabras del Presidente Juan Manuel Santos durante las posesiones del Ministro de Vivienda, Ciudad y Territorio, y la Alta Consejera Presidencial para la Equidad de la Mujer"
60,Declaración del Presidente Juan Manuel Santos al concluir la rendición de cuentas sobre las intervenciones en las ‘ollas’ de 20 ciudades
61,"Declaración del Presidente de la República, Juan Manuel Santos Calderón, luego de una reunión con el Primer Ministro del Reino Unido, David Cameron"
62,"Palabras del Presidente Juan Manuel Santos, en el lanzamiento de la “Red Global de Pobreza Multidimensional en la Universidad de Oxford "
63,Palabras del Presidente Juan Manuel Santos al instalar la jornada de Rendición de Cuentas de los Programas Sociales 
64,Declaración del Presidente Juan Manuel Santos al concluir el primer día de su visita a Londres 
65,Declaración del Presidente Juan Manuel Santos al concluir su segundo día de visita a Londres 
66,"Palabras del Presidente Juan Manuel Santos en el acto de bienvenida por parte del Presidente del Estado de Israel, Shimon Peres"
67,"Declaración del Presidente Juan Manuel Santos a su llegada a Tel Aviv, Israel"
68,Declaración del Presidente Juan Manuel Santos al concluir su primer día de visita a Israel
69,Declaración del Presidente Juan Manuel Santos sobre su visita a Israel y Palestina
70,"Declaración del Jefe de la Delegación del Gobierno en la Mesa de Conversaciones, Humberto de La Calle"
71,"Palabras del Presidente Juan Manuel Santos en la cena ofrecida por el Presidente del Estado de Israel, Shimon Peres"
72,Palabras del Presidente Juan Manuel Santos en el Primer Foro Regional de la Iniciativa Global de Crecimiento Verde -3GF Global Green Growth- 
73,"Declaración del Presidente de la República, Juan Manuel Santos, a los medios nacionales en Jerusalén"
74,"Declaración conjunta del Presidente de la República, Juan Manuel Santos, y del Primer Ministro de Israel, Benjamín Netanyahu, en Jerusalén"
75,Declaración del Presidente Juan Manuel Santos al término de la Ocadtón del departamento del Cesar 
76,Palabras del Presidente Juan Manuel Santos durante la sanción de la Ley de Protección al Cesante 
77,Palabras del Presidente Juan Manuel Santos en el XIV Encuentro Internacional Virtual Educa 
78,Palabras del Presidente Juan Manuel Santos en la posesión de Ramiro Pazos y Lucy Jeanette Bermúdez como magistrados del Consejo de Estado 
79,Declaración del Presidente Juan Manuel Santos al término del Consejo de Seguridad celebrado en Barranquilla 
80,Declaración del Presidente Juan Manuel Santos sobre la tarea cumplida por el Congreso de la República. 
81,"Palabras del Presidente Juan Manuel Santos durante la ceremonia de ascensos en la Escuela de Cadetes de Policía, General Francisco de Paula Santander"
82,Palabras del Presidente Juan Manuel Santos durante la entrega de la bandera a los colombianos que participarán en WorldSkills Internacional
83,Palabras del Presidente Juan Manuel Santos durante la entrega del acueducto en El Carmen de Bolívar. 
84,Palabras del Presidente Juan Manuel Santos en la ceremonia de ascensos de oficiales de la Fuerza Aérea Colombiana 
85,Palabras del Presidente Juan Manuel Santos en la ceremonia de ascensos de oficiales de la Armada Nacional en Cartagena 
86,"Palabras del Presidente Juan Manuel Santos, durante el Acuerdo Para la Prosperidad No. 109, en Soledad, Atlántico. "
87,Palabras del Presidente Juan Manuel Santos durante la concentración de ‘Las víctimas le caminan a la paz’
88,Palabras del Presidente Juan Manuel Santos con motivo del lanzamiento de las Obras Selectas del expresidente Belisario Betancur
89,Palabras del Presidente Juan Manuel Santos en la entrega a Cali de sus empresas públicas
90,Palabras del Presidente Juan Manuel Santos en la Conferencia-Taller Internacional Soluciones Integrales para la Prevención de la Violencia y el Delito
91,Palabras del Presidente Juan Manuel Santos en la Agenda de Competitividad en Buenaventura
92,Palabras del Presidente Juan Manuel Santos en el evento de rendición de cuentas del Congreso de la República en Cali 
93,Palabras del Presidente Juan Manuel Santos en la presentación del Sistema de Medios Públicos Señal Colombia 
94,Palabras del Presidente Juan Manuel Santos en la asamblea de Más Familias en Acción en Villavicencio 
95,Declaración del Presidente Juan Manuel Santos al término de la reunión de seguridad en Buenaventura
96,Declaración del Presidente Juan Manuel Santos al término de la Reunión de Seguridad efectuada en Cali
97,Palabras del Presidente Juan Manuel Santos en el Acuerdo para la Prosperidad No.110 en Villavicencio. 
98,Palabras del Presidente Juan Manuel Santos al inaugurar la nueva plataforma del Aeropuerto ‘Perales’ de Ibagué
99,Declaración del Presidente Juan Manuel Santos al término de la Reunión de Seguridad efectuado en Villavicencio
100,Palabras del Presidente Juan Manuel Santos durante la inauguración de la Central Hidroeléctrica del Río Amoyá
101,Palabras del Presidente Juan Manuel Santos en la firma del Contrato Plan para el departamento de Nariño 
102,Declaración del Presidente Juan Manuel Santos luego de la tercera reunión del Comité de Víctimas 
103,Declaración del Presidente Juan Manuel Santos al término del Consejo de Seguridad en la localidad de Usaquén
104,Declaración del Presidente Juan Manuel Santos al término del primer Consejo de Ministros de 2013
105,Palabras del Presidente Juan Manuel Santos en instalación del Acuerdo para la Prosperidad en Coyaima (Tolima)
106,"Palabras del Presidente Juan Manuel Santos al inaugurar la vía Cruce a Santa Inés – Cruce Balsoras – Escuela Dosquebradas, en Icononzo, Tolima"
107,Declaración del Presidente Juan Manuel Santos luego de su reunión con el expresidente estadounidense Jimmy Carter
108,"Palabras del Presidente Juan Manuel Santos en la posesión del Procurador General de la Nación, Alejandro Ordóñez"
109,"Declaración del Jefe de la Delegación del Gobierno Nacional para los Diálogos de Paz, Humberto de la Calle Lombana "
110,"Palabras del Presidente, Juan Manuel Santos, en la Cumbre de Comandantes de la Policía Nacional, en la Escuela General Santander de Bogotá "
111,Declaración del Presidente Juan Manuel Santos en el balance del primer aniversario de la Ley Antitrámites
112,Palabras del Presidente Juan Manuel Santos en el Acuerdo para la Prosperidad número 94 en el Norte del Cauca
113,Palabras del Presidente Juan Manuel Santos en la firma del acta de entrega de los escenarios deportivos de los XIX Juegos Nacionales a Cúcuta 
114,"Palabras del Presidente Juan Manuel Santos en Ocaña, Norte de Santander, en la entrega de tabletas digitales a estudiantes"
115,"Palabras del Presidente, Juan Manuel Santos, en la firma de la Declaración de Chapultepec por parte de Gobernadores y Alcaldes"
116,Palabras del Presidente Juan Manuel Santos durante la socialización del Conpes para el Catatumbo
117,Declaración del Presidente Juan Manuel Santos al término del Consejo de Seguridad en la Casa de Nariño
118,"Palabras del Presidente Juan Manuel Santos durante la ceremonia de posesión del Secretario de Prensa, Otto Gutiérrez Torres"
119,"Palabras del Presidente Juan Manuel Santos en la inauguración de la nueva sede del Ministerio de Vivienda, Ciudad y Territorio"
120,Palabras del Presidente Juan Manuel Santos en el evento de Colombia Mayor
121,"Palabras del Presidente, Juan Manuel Santos, en el municipio de Hispania (Antioquia)"
122,"Palabras del Presidente de la República, Juan Manuel Santos, en la inauguración de la XXV Colombiatex de las Américas"
123,Palabras del Presidente Juan Manuel Santos en la inauguración de la Sala de Monitoreo del Inpec
124,"Palabras del Presidente de la República, Juan Manuel Santos, en Buga, Valle del Cauca, en la entrega de patrulleros y parque automotor"
125,"Palabras del Presidente Juan Manuel Santos durante la entrega de 1.080 tabletas digitales a niños, niñas y jóvenes de Hispania, Antioquia"
126,Declaración del Presidente Juan Manuel Santos al concluir Consejo de Seguridad en Buga
127,Palabras del Presidente Juan Manuel Santos en el barrio Evaristo Sourdis de Barranquilla
128,Palabras del Presidente Juan Manuel Santos al Cuerpo Diplomático acreditado en Colombia
129,"Declaración del Jefe del Equipo del Gobierno Nacional para los diálogos con las Farc, Humberto de la Calle, desde La Habana, Cuba"
130,"Declaración del Presidente Juan Manuel Santos a su llegada a Santiago de Chile, Cumbre Celac-UE"
131,Palabras del Presidente Juan Manuel Santos durante su visita a la organización ‘Un Techo para mi país’
132,"Declaración del Presidente Juan Manuel Santos al término de la reunión con los Presidentes de la Comisión de la Unión Europea y el Consejo Europeo, y el Presidente de Perú"
133,Declaración del Presidente Juan Manuel Santos al concluir el primer día de su participación en la Cumbre Celac – UE
134,"Palabras del Presidente Juan Manuel Santos en la clausura de la Cuarta Cumbre Empresarial, Celac-UE en Chile"
135,"Declaración de los Presidentes de la Alianza del Pacífico, al concluir su reunión de este domingo en Chile"
136,Declaración del Presidente Juan Manuel Santos al concluir su participación en las cumbres Celac y Celac – UE en Chile
137,Palabras del Presidente Juan Manuel Santos en la Convención Anual de la Misión Carismática Internacional G12
138,"Declaración del Jefe de la Delegación del Gobierno Nacional para los diálogos de paz, Humberto de la Calle."
139,Palabras del Presidente Juan Manuel Santos durante el lanzamiento del Plan Integral de Seguridad para el departamento de Bolívar
140,Declaración del Presidente Juan Manuel Santos al término de la Primera Reunión con los Gobernadores en 2013
141,Palabras de María Clemencia Rodríguez de Santos en el evento de rendición de cuentas de la iniciativa ‘Voces Solidarias’
142,"Palabras del Presidente Juan Manuel Santos, durante la entrega de patrulleros para la Policía de Ibagué y del Tolima"
143,Declaración del Presidente Juan Manuel Santos al concluir el Consejo de Seguridad en Ibagué
144,Declaración del Presidente Juan Manuel Santos luego de visitar el tramo 2 de la Ruta del Sol 
145,Palabras del Presidente Juan Manuel Santos en el Encuentro Latinoamericano de Liderazgo
146,Palabras del Presidente Juan Manuel Santos en el Acuerdo para la Prosperidad Cafetera
147,"Declaración del Presidente Juan Manuel Santos al concluir el Acuerdo para la Prosperidad sobre el tema cafetero, en Chinchiná, Caldas "
148,Palabras del Presidente Juan Manuel Santos durante la inauguración de la nueva planta de La Alquería en Santa Marta
149,Palabras del Presidente Juan Manuel Santos en la posesión de Pedro Octavio Munar como Magistrado de la Sala Administrativa del Consejo Superior de la Judicatura
150,Palabras del Presidente Juan Manuel Santos en la posesión de los embajadores de Colombia en Canadá y El Salvador
151,"Palabras del Presidente Juan Manuel Santos en el evento Periodistas: Daño, Memoria y Reparación"
152,"Palabras del Presidente Juan Manuel Santos al poner en marcha la construcción de 315 viviendas gratis en Baranoa, Atlántico"
153,"Palabras del Presidente Juan Manuel Santos en el municipio de Suan, departamento del Atlántico, en la colocación de la primera piedra de proyecto de vivienda"
154,"Palabras del Presidente Juan Manuel Santos en la entrega de vivienda gratuita en Santa Catalina, Bolívar"
155,"Declaración de Humberto de la Calle, jefe del equipo negociador del Gobierno para los Diálogos de Paz"
156,Palabras del Presidente Juan Manuel Santos en la entrega de las primeras casas de las 100 mil gratis
157,Palabras del Presidente Juan Manuel Santos en la rendición de cuentas sobre las garantías del Derecho de Infancia y Juventud
158,"Palabras del Presidente Juan Manuel Santos durante la entrega de viviendas gratis a damnificados por la ola invernal, en Yumbo, Valle del Cauca"
159,"Palabras del Presidente Juan Manuel Santos en el barrio Danubio Azul, localidad de Usme, de Bogotá"
160,Palabras del Presidente Juan Manuel Santos en la entrega de aeronaves en el Fuerte de Tolemaida
161,Palabras del Presidente Juan Manuel Santos en su encuentro con las madres comunitarias en el Coliseo Cayetano Cañizares de Bogotá
162,"Palabras del Presidente Juan Manuel Santos en la puesta en funcionamiento del Hospital San Andrés de Tumaco, Nariño"
163,Palabras del Presidente Juan Manuel Santos luego del Consejo de Seguridad realizado en Tumaco y la entrega de 200 policías
164,"Declaración de Humberto de la Calle Lombana, Jefe de la Delegación del Gobierno Nacional para los Diálogos de Paz"
165,Palabras del Presidente Juan Manuel Santos en la firma del contrato de obras para el acueducto de Providencia
166,Palabras del Presidente Juan Manuel Santos en la firma del contrato de obra y colocación de la primera piedra de viviendas para Ipiales y El Rosario
167,"Declaración del Presidente Juan Manuel Santos sobre la escogencia de Medellín, como una de las ciudades finalistas para sede los Juegos Olímpicos de la Juventud en 2018"
168,Palabras del Presidente Juan Manuel Santos en la inauguración del Centro Agroindustrial y Pesquero del Sena en la Costa Pacífica
169,Palabras del Presidente Juan Manuel Santos en la Cumbre de Gobernadores en San Andrés
170,Palabras del Presidente Juan Manuel Santos al instalar el Acuerdo para la Prosperidad en Arauca 
171,Palabras del Presidente Juan Manuel Santos al inaugurar oficina del Icetex en San Andrés
172,Palabras del Presidente Juan Manuel Santos al aumentar el pie de fuerza policial para San Andrés Isla
173,"Palabras del Presidente Juan Manuel Santos durante la la firma del Memorando de Entendimiento entre Colciencias y el Gobernador de Massachusetts, Deval Patrick"
174,Palabras del Presidente Juan Manuel Santos en el relanzamiento de la Alianza ‘Colombia sin heridas’
175,"Palabras del Presidente Juan Manuel Santos en su recorrido por la Ruta del Sol en Aguachica, Cesar"
176,"Palabras del Presidente Juan Manuel Santos, en la inauguración de la versión 53 del Festival de Cine de Cartagena"
177,Palabras del Presidente Juan Manuel Santos en la entrega de títulos de tierras en San Vicente del Caguán
178,Declaración del Presidente Juan Manuel Santos al término del Consejo de Seguridad en San Vicente del Caguán
179,Palabras del Presidente Juan Manuel Santos durante su visita a la Feria de la Remodelación 
180,Palabras del Presidente Juan Manuel Santos al término del Consejo de Seguridad en Medellín
181,Palabras del Presidente Juan Manuel Santos en el Acuerdo para la Prosperidad número 97 en el Suroeste Antioqueño
182,Palabras del Presidente Juan Manuel Santos durante la entrega de viviendas gratis en Medellín
183,"Palabras del Presidente Juan Manuel Santos al inaugurar el Tecnocentro Cultural ‘Somos Pacífico’, en Cali"
184,"Palabras del Presidente Juan Manuel Santos en la inauguración del proyecto ‘Escuela de Música’, en Cali"
185,"Palabras del Presidente Juan Manuel Santos en la entrega de la ampliación de la Biblioteca Departamental, de Cali"
186,Alocución del Presidente Juan Manuel Santos sobre la convocatoria a una movilización cafetera
187,Palabras del Presidente Juan Manuel Santos en la inauguración del Megacolegio Isaías Duarte Cancino en Cali
188,Palabras del Presidente Juan Manuel Santos en el Noveno Encuentro de Dirigentes del Oriente Antioqueño
189,Palabras del Presidente Juan Manuel Santos en la entrega de las obras de dragado del canal de acceso del Puerto de Buenaventura
190,Palabras del Presidente Juan Manuel Santos durante la inauguración de la sede de la ‘Escuela Taller’ en Buenaventura
191,Palabras del Presidente Juan Manuel Santos durante la entrega del nuevo pie de fuerza para la Policía de Buenaventura
192,Declaración del Presidente Juan Manuel Santos luego de su reunión con el exprimer ministro británico Tony Blair
193,Palabras del Presidente Juan Manuel Santos al dar inicio a la construcción de 1.500 viviendas gratis en Quibdó
194,"Palabras del Presidente Juan Manuel Santos en el lanzamiento del Centro de Orientación y Atención Laboral, ‘Colabora’"
195,Palabras del Presidente Juan Manuel Santos en la inauguración de la XXXII Vitrina Turística de Anato 2013
196,Palabras del Presidente Juan Manuel Santos en la clausura de la IV Cumbre de la Asociación Colombiana de Ciudades Capitales 
197,Alocución del Presidente Juan Manuel Santos con ocasión del Día del Trabajo
198,Palabras del Presidente Juan Manuel Santos en el Acuerdo para la Prosperidad número 105 en Apartadó 
199,"Palabras del Presidente Juan Manuel Santos durante la entrega del Colegio ‘Policarpa Salavarrieta’ en Apartadó, Antioquia"
200,"Declaración del Presidente Juan Manuel Santos al terminar su visita al Diario del Sur, en Pasto "
201,Palabras del Presidente Juan Manuel Santos durante el evento ‘Todos a Aprender’ – Pacto por la Calidad
202,"Declaración del Presidente Juan Manuel Santos sobre la desmovilización de once guerrilleros del frente 57 de las Farc en Acandí, Chocó"
203,"Palabras del Presidente Juan Manuel Santos durante la firma del Plan Departamental de Agua de la Guajira, en Riohacha"
204,Declaración del Presidente Juan Manuel Santos luego del Consejo de Seguridad realizado en Pasto 
205,Palabras del Presidente Juan Manuel Santos durante la entrega en Pasto de parque automotor a la Policía Nacional 
206,"Declaración del Presidente Juan Manuel Santos, al término del Consejo de Seguridad efectuado en la localidad de Suba, en Bogotá"
207,"Declaración del Presidente Juan Manuel Santos, al concluir la Ocadtón del departamento del Magdalena "
208,Declaración del Presidente Juan Manuel Santos tras reunión con el Presidente de la Federación Española de Fútbol y el Director Técnico de Selección de España 
209,"Palabras del Presidente de la República, Juan Manuel Santos, en el almuerzo ofrecido al Presidente de Alemania Federal, Joachim Gauck "
210,Declaración del Presidente Juan Manuel Santos al término del Consejo de Seguridad en Armenia 
211,"Declaración del Presidente Juan Manuel Santos a los periodistas, luego de la canonización de la Madre Laura Montoya "
212,Palabras del Presidente Juan Manuel Santos al intervenir en el Foro Nacional sobre Libertad de Prensa en Colombia 
213,"Declaración del Presidente Juan Manuel Santos al término de la reunión con el Presidente de Alemania Federal, Joachim Gauck. "
214,"Declaración del Presidente Juan Manuel Santos al término de su audiencia con Su Santidad, el papa Francisco "
215,Palabras del Presidente Juan Manuel Santos en la firma de convenios para obras en Armenia 
216,"Declaración del Presidente Juan Manuel Santos al término de la Eucaristía celebrada en Jericó, Antioquia, en honor a Santa Laura Montoya"
217,"Palabras del Presidente Juan Manuel Santos, en la inauguración del IX Congreso Internacional de Minería y Petróleo"
218,Palabras del Presidente Juan Manuel Santos durante la firma del Acuerdo Laboral entre Gobierno y empleados públicos
219,"Declaración de Humberto de la Calle, Jefe de la Delegación del Gobierno en la Mesa de conversaciones, al término del octavo ciclo de diálogos en La Habana"
220,"Palabras del Presidente Juan Manuel Santos al instalar el evento ‘Presentación del pasado, presente y futuro del TLC con Estados Unidos, a un año de ser implementado’"
221,"Declaración del Presidente de la República, Juan Manuel Santos Calderón "
222,Palabras del Presidente Juan Manuel Santos en el aniversario de la Escuela de Cadetes de Policía General Santander y Graduación del Curso 101 de Oficiales
223,Declaración del Presidente Juan Manuel Santos después de recibir el informe ‘El problema de las drogas en las Américas’ por parte de la Organización de Estados Americanos 
224,"Palabras del Presidente Juan Manuel Santos en el Acuerdo para la Prosperidad número 106, en Pacho, Cundinamarca"
225,"Palabras del Presidente Juan Manuel Santos, en la celebración del Día de la Afrocolombianidad"
226,Alocución del Presidente Juan Manuel Santos con ocasión de la VII Cumbre de la Alianza del Pacífico
227,Palabras del Presidente Juan Manuel Santos durante la firma del TLC entre Colombia y Costa Rica 
228,Palabras del Presidente Juan Manuel Santos al sancionar la Ley Aprobatoria del Acuerdo Marco de la Alianza del Pacífico 
229,"Palabras del Presidente Juan Manuel Santos en la entrega de títulos de tierras en la vereda Veraguas, de Pacho, Cundinamarca"
230,Declaración del Presidente Juan Manuel Santos al término de la sesión del Conpes 
231,Palabras del Presidente Juan Manuel Santos durante la posesión del magistrado Álvaro Namén Vargas 
232,Palabras del Presidente Juan Manuel Santos al intervenir en el Conversatorio de la Cumbre Empresarial de la Alianza del Pacífico 
233,Declaración del Presidente Juan Manuel Santos al término de la VII Cumbre de la Alianza del Pacífico 
234,"Palabras del Presidente de la República de Colombia, Juan Manuel Santos, al instalar la VII Cumbre de la Alianza del Pacífico. "
235,"Palabras del Presidente de Colombia, Juan Manuel Santos, en la clausura de la VII Cumbre de Presidentes de la Alianza del Pacífico "
236,"Declaración del Presidente Juan Manuel Santos al término de su reunión con el Vicepresidente de Estados Unidos, Joseph Biden "
237,Palabras del Presidente Juan Manuel Santos en la entrega de cartas de aceptación de créditos para vivienda
238,"Palabras del Presidente Juan Manuel Santos en el APP No.107 en Florencia, Caquetá. "
239,"Declaración del Jefe de la Delegación del Gobierno Nacional en La Habana, Cuba, Humberto De la Calle Lombana "
240,"Palabras del Presidente Juan Manuel Santos en la inauguración del servicio de gas domiciliario en Cerro San Antonio, Magdalena"
241,"Declaración del Presidente Juan Manuel Santos sobre el primer acuerdo de la Mesa de Conversaciones de La Habana, el tema agrario"
242,Palabras del Presidente Juan Manuel Santos en el Congreso Nacional de Cultivadores de Palma de Aceite
243,"Palabras del Presidente de la República, Juan Manuel Santos durante Inauguración del Centro de Servicios para la Reintegración. "
244,"Palabras del Presidente Juan Manuel Santos durante la inauguración del nuevo puerto de exportación de carbón en Ciénaga, Magdalena"
245,Declaración del Presidente Santos al término del Consejo de Seguridad en Santa Marta
246,Palabras del Presidente Juan Manuel Santos durante la colocación del primer ladrillo del Centro de Convenciones de Pereira
247,Palabras del Presidente Juan Manuel Santos sobre el ingreso de Colombia a la OCDE 
248,Palabras del Presidente Juan Manuel Santos en la entrega del Premio Compartir al Maestro
249,Palabras del Presidente Juan Manuel Santos en el Encuentro de la Civilidad
250,"Palabras del Presidente de la República, Juan Manuel Santos, durante el Acuerdo para la Prosperidad No. 98, en Bahía Solano"
251,Palabras del Presidente Juan Manuel Santos en su visita a la fábrica Busscar
252,"Palabras del Presidente Juan Manuel Santos al instalar el Acuerdo para la Prosperidad en Palmira, Valle del Cauca "
253,Declaración del Presidente Juan Manuel Santos durante su visita a la Selección Colombia de Fútbol 
254,Palabras del Presidente Juan Manuel Santos en la presentación de la Ley para Garantizar el Pleno Ejercicio de los Derechos de las Personas con Discapacidad
255,Palabras del Presidente Juan Manuel Santos en la Noche de Gala del Deporte Colombiano
256,"Palabras del Presidente Juan Manuel Santos en la entrega del Megacolegio Institución Educativa Bicentenario, de Cúcuta "
257,"Palabras del Presidente Juan Manuel Santos en el almuerzo ofrecido al Primer Ministro de Nueva Zelandia, John Philip Key"
258,"Palabras del Presidente Juan Manuel Santos, en la posesión de la nueva Directora Nacional del Sena, Gina Parody"
259,Palabras del Presidente Juan Manuel Santos al instalar el Acuerdo para la Prosperidad en Bucaramanga 
260,Palabras del Presidente Juan Manuel Santos durante la entrega de 220 patrulleros y de la Estación Norte a la Policía Metropolitana de Bucaramanga 
261,"Palabras del Presidente Juan Manuel Santos al poner la primera piedra en la Urbanización Estoraques en Cúcuta, Norte de Santander"
262,Palabras del Presidente Juan Manuel Santos durante su participación en la Carrera de los Héroes 
263,Palabras del Presidente Juan Manuel Santos al posesionar a Fernando Rodríguez Carrizosa como Presidente del Icetex 
264,"Palabras del Presidente Juan Manuel Santos, al concluir la reunión del Conpes"
265,Palabras del Presidente Juan Manuel Santos en el evento Colombia Mayor-Eje Cafetero 
266,"Palabras del Presidente Juan Manuel Santos en la inauguración de la Institución Educativa Samaria, de Pereira"
267,Palabras del Presidente Juan Manuel Santos durante la inauguración en Pereira del primer centro de distribución de alimentos ‘Jerónimo Martins’
268,Palabras del Presidente Juan Manuel Santos en la posesión de Ana Fernanda Maiguashca Olano y Adolfo Meisel Roca como codirectores del Banco de la República
269,"Palabras del Presidente Juan Manuel Santos en la entrega del Premio ‘Empresario del Año 2012’, del diario La República"
270,Palabras del Presidente Juan Manuel Santos en el acto de sanción de la Ley de Convivencia Escolar
271,Palabras del Presidente Juan Manuel Santos en el acto de sanción de la Ley de Convivencia Escolar 
272,Palabras del Presidente Juan Manuel Santos en el Acuerdo para la Prosperidad número 100 en Mompox 
273,"Palabras del Presidente Juan Manuel Santos durante la radicación de los proyectos de ley de salud, en el Senado de la República"
274,Palabras del Presidente Juan Manuel Santos en la activación del Gaula de Medellín
275,Palabras del Presidente Juan Manuel Santos en la instalación del 47º Período de Sesiones de la Corte Interamericana de Derechos Humanos
276,"Palabras del Presidente Juan Manuel Santos, al término de la reunión con representantes del sector de la salud"
277,Palabras del Presidente Juan Manuel Santos en la inauguración del Gasoducto de San Basilio de Palenque 
278,Palabras del Presidente Juan Manuel Santos en el XVI Congreso de Naturgás 
279,Palabras del Presidente Juan Manuel Santos en la firma del contrato de la casa 100 mil en El Salado
280,"Palabras del Presidente Juan Manuel Santos, en la apertura del Festival Vallenato Francisco El Hombre"
281,"Palabras del Presidente Juan Manuel Santos en la entrega de obras del Distrito de Riego, en Aracataca, Magdalena"
282,"Palabras del Presidente Juan Manuel Santos en el APP, en Aracataca, Magdalena"
283,Palabras del Presidente Juan Manuel Santos en la entrega de tabletas digitales en Fusagasugá
284,"Palabras del Presidente Juan Manuel Santos en la inauguración del acueducto del corregimiento del Cauca, municipio de Aracataca"
285,Palabras del Presidente Juan Manuel Santos en la inauguración del megacolegio Liceo Mayor de Soacha
286,Declaración de los alcaldes de las ciudades capitales en apoyo al proceso de paz
287,Declaración del Presidente Juan Manuel Santos al término de la V Cumbre de Alcaldes de Ciudades Capitales de Colombia
288,Palabras del Presidente Juan Manuel Santos en el evento de direccionamiento estratégico del Sistema Nacional para Atención y Reparación Integral a las Víctimas 
289,Alocución del Presidente Juan Manuel Santos en el Día Nacional de la Memoria y la Solidaridad con las Víctimas del Conflicto Armado 
290,Palabras del Presidente Juan Manuel Santos en la apertura del Día Nacional de la Memoria y la Solidaridad con las Víctimas del Conflicto Armado
291,Declaración del Presidente Juan Manuel Santos al terminar la jornada del Día de las Víctimas 
292,"Palabras del Presidente Juan Manuel Santos en el acto de restitución de tierras de la hacienda Santa Paula, en Córdoba"
293,Palabras del Presidente Juan Manuel Santos en el lanzamiento del proceso precalificatorio para las primeras concesiones del proyecto Autopistas de la Prosperidad 
294,Palabras del Presidente Juan Manuel Santos en la Asamblea de Proantioquia 
295,"Declaración del Presidente Juan Manuel Santos sobre las conclusiones del Consejo de Seguridad realizado en Valencia, Córdoba "
296,Palabras del Presidente Juan Manuel Santos en el Acuerdo para la Prosperidad número 103 en Pueblo Rico 
297,"Palabras del Presidente Juan Manuel Santos al presentar el Plan de Impulso para la Productividad y el Empleo, PIPE. "
298,"Palabras del Presidente Juan Manuel Santos durante la inauguración del Sena regional en Sogamoso, Boyacá."
299,Palabras del Presidente Juan Manuel Santos en la inauguración de la 26ª Feria Internacional del Libro de Bogotá 
300,Palabras del Presidente Juan Manuel Santos en el Congreso Nacional de Municipios 
301,"Declaración del Presidente Juan Manuel Santos con ocasión de la Visita de Estado del Presidente de la República Portuguesa, Aníbal Cavaco Silva"
302,"Palabras del Presidente de Colombia, Juan Manuel Santos, en el almuerzo ofrecido al Presidente de Portugal, Aníbal Cavaco Silva "
303,Palabras del Presidente Juan Manuel Santos en la clausura del Encuentro Empresarial de Colombia y Portugal 
304,Palabras del Presidente Juan Manuel Santos sobre los resultados de la lucha contra la pobreza 
305,"Palabras del Presidente Juan Manuel Santos durante la entrega de viviendas gratis en Galapa, Atlántico"
306,"Palabras del Presidente Juan Manuel Santos durante la movilización por la calidad educativa y la entrega de textos escolares en Sabanalarga, Atlántico"
307,"Declaración del Jefe del Equipo Negociador del Gobierno Nacional, Humberto de la Calle "
308,Palabras del Presidente Juan Manuel Santos durante la entrega de 700 viviendas gratis en Cartagena
309,Palabras del Presidente Juan Manuel Santos en el lanzamiento de ViveLab en Manizales 
310,Palabras del Presidente Juan Manuel Santos al término del Consejo Nacional de Política Social
311,Palabras del Presidente Juan Manuel Santos en el primer aniversario de Innpulsa Colombia
312,Palabras del Presidente Juan Manuel Santos al instalar el Acuerdo para la Prosperidad en Bucaramanga
313,"Palabras del Presidente Juan Manuel Santos durante la entrega de viviendas gratis en Soledad, Atlántico"
314,Declaración del Presidente Juan Manuel Santos antes de viajar a la Cumbre de la Asociación de Estados del Caribe en Haití 
315,Palabras del Presidente Juan Manuel Santos durante su visita a la obra de retenedores sólidos en Manizales
316,"Palabras del Presidente Juan Manuel Santos durante la firma del convenio para la optimización del Acueducto y el Alcantarillado de La Dorada, Caldas"
317,Palabras del Presidente Juan Manuel Santos en la apertura del 46° Festival de la Leyenda Vallenata
318,Palabras del Presidente Juan Manuel Santos en la entrega de viviendas gratis en el barrio ‘Nando Marín’ de Valledupar 
319,"Palabras del Presidente Juan Manuel Santos en la inauguración de la vía terciaria San Diego-Media Luna, en el Cesar "
320,"Declaración del Jefe de la Delegación del Gobierno en la mesa de conversaciones, Humberto de la Calle. "
321,"Palabras del Presidente Juan Manuel Santos en el conversatorio Alianzas para el Trabajo, del Sena"
